{
    "math": {
        "num_samples": 5000,
        "num_scores": 5000,
        "timeout_samples": 0,
        "empty_samples": 8,
        "acc": 49.8,
        "type_acc": {
            "Algebra": 68.7,
            "Counting & Probability": 47.9,
            "Geometry": 42.2,
            "Intermediate Algebra": 28.1,
            "Number Theory": 48.3,
            "Prealgebra": 65.1,
            "Precalculus": 29.9
        }
    },
    "gsm8k": {
        "num_samples": 1319,
        "num_scores": 1319,
        "timeout_samples": 0,
        "empty_samples": 0,
        "acc": 76.3
    },
    "math_oai": {
        "num_samples": 500,
        "num_scores": 500,
        "timeout_samples": 0,
        "empty_samples": 3,
        "acc": 47.4
    },
    "gsm_hard": {
        "num_samples": 1319,
        "num_scores": 1319,
        "timeout_samples": 0,
        "empty_samples": 1,
        "acc": 40.3
    },
    "mbpp": {
        "base": {
            "pass@1": 0.6111111111111112
        },
        "+": {
            "pass@1": 0.4894179894179894
        }
    },
    "mmlu": {
        "abstract_algebra": 0.33,
        "anatomy": 0.5851851851851851,
        "astronomy": 0.6776315789473685,
        "business_ethics": 0.67,
        "clinical_knowledge": 0.7471698113207547,
        "college_biology": 0.7361111111111112,
        "college_chemistry": 0.42,
        "college_computer_science": 0.58,
        "college_mathematics": 0.46,
        "college_medicine": 0.6647398843930635,
        "college_physics": 0.37254901960784315,
        "computer_security": 0.73,
        "conceptual_physics": 0.548936170212766,
        "econometrics": 0.47368421052631576,
        "electrical_engineering": 0.6137931034482759,
        "elementary_mathematics": 0.47619047619047616,
        "formal_logic": 0.4603174603174603,
        "global_facts": 0.37,
        "high_school_biology": 0.7806451612903226,
        "high_school_chemistry": 0.49261083743842365,
        "high_school_computer_science": 0.67,
        "high_school_european_history": 0.7333333333333333,
        "high_school_geography": 0.8131313131313131,
        "high_school_government_and_politics": 0.8497409326424871,
        "high_school_macroeconomics": 0.658974358974359,
        "high_school_mathematics": 0.4185185185185185,
        "high_school_microeconomics": 0.7352941176470589,
        "high_school_physics": 0.45695364238410596,
        "high_school_psychology": 0.8477064220183487,
        "high_school_statistics": 0.5370370370370371,
        "high_school_us_history": 0.7892156862745098,
        "high_school_world_history": 0.810126582278481,
        "human_aging": 0.6412556053811659,
        "human_sexuality": 0.7251908396946565,
        "international_law": 0.768595041322314,
        "jurisprudence": 0.7777777777777778,
        "logical_fallacies": 0.7055214723926381,
        "machine_learning": 0.5178571428571429,
        "management": 0.8155339805825242,
        "marketing": 0.8589743589743589,
        "medical_genetics": 0.74,
        "miscellaneous": 0.7969348659003831,
        "moral_disputes": 0.6994219653179191,
        "moral_scenarios": 0.42793296089385474,
        "nutrition": 0.7156862745098039,
        "philosophy": 0.6977491961414791,
        "prehistory": 0.654320987654321,
        "professional_accounting": 0.4574468085106383,
        "professional_law": 0.4498044328552803,
        "professional_medicine": 0.6911764705882353,
        "professional_psychology": 0.6421568627450981,
        "public_relations": 0.7272727272727273,
        "security_studies": 0.673469387755102,
        "sociology": 0.845771144278607,
        "us_foreign_policy": 0.85,
        "virology": 0.5240963855421686,
        "world_religions": 0.783625730994152,
        "overall": 0.6316763993733087
    }
}