{
    "math": {
        "num_samples": 5000,
        "num_scores": 5000,
        "timeout_samples": 27,
        "empty_samples": 12,
        "acc": 13.9,
        "type_acc": {
            "Algebra": 20.6,
            "Counting & Probability": 11.6,
            "Geometry": 15.2,
            "Intermediate Algebra": 7.4,
            "Number Theory": 11.1,
            "Prealgebra": 18.6,
            "Precalculus": 6.4
        }
    },
    "gsm8k": {
        "num_samples": 1319,
        "num_scores": 1319,
        "timeout_samples": 41,
        "empty_samples": 2,
        "acc": 23.0
    },
    "math_oai": {
        "num_samples": 500,
        "num_scores": 500,
        "timeout_samples": 5,
        "empty_samples": 1,
        "acc": 11.2
    },
    "gsm_hard": {
        "num_samples": 1319,
        "num_scores": 1319,
        "timeout_samples": 16,
        "empty_samples": 2,
        "acc": 12.8
    },
    "mbpp": {
        "base": {
            "pass@1": 0.48412698412698413
        },
        "+": {
            "pass@1": 0.38095238095238093
        }
    },
    "mmlu": {
        "abstract_algebra": 0.36,
        "anatomy": 0.5481481481481482,
        "astronomy": 0.6578947368421053,
        "business_ethics": 0.63,
        "clinical_knowledge": 0.6981132075471698,
        "college_biology": 0.6805555555555556,
        "college_chemistry": 0.49,
        "college_computer_science": 0.52,
        "college_mathematics": 0.36,
        "college_medicine": 0.653179190751445,
        "college_physics": 0.3627450980392157,
        "computer_security": 0.73,
        "conceptual_physics": 0.5361702127659574,
        "econometrics": 0.42105263157894735,
        "electrical_engineering": 0.5586206896551724,
        "elementary_mathematics": 0.4470899470899471,
        "formal_logic": 0.5,
        "global_facts": 0.34,
        "high_school_biology": 0.7483870967741936,
        "high_school_chemistry": 0.4827586206896552,
        "high_school_computer_science": 0.63,
        "high_school_european_history": 0.7212121212121212,
        "high_school_geography": 0.7727272727272727,
        "high_school_government_and_politics": 0.8341968911917098,
        "high_school_macroeconomics": 0.6358974358974359,
        "high_school_mathematics": 0.35555555555555557,
        "high_school_microeconomics": 0.6932773109243697,
        "high_school_physics": 0.3443708609271523,
        "high_school_psychology": 0.7926605504587156,
        "high_school_statistics": 0.5509259259259259,
        "high_school_us_history": 0.7549019607843137,
        "high_school_world_history": 0.7763713080168776,
        "human_aging": 0.6188340807174888,
        "human_sexuality": 0.6870229007633588,
        "international_law": 0.768595041322314,
        "jurisprudence": 0.75,
        "logical_fallacies": 0.6993865030674846,
        "machine_learning": 0.5625,
        "management": 0.7378640776699029,
        "marketing": 0.8717948717948718,
        "medical_genetics": 0.73,
        "miscellaneous": 0.7445721583652618,
        "moral_disputes": 0.6416184971098265,
        "moral_scenarios": 0.4324022346368715,
        "nutrition": 0.6895424836601307,
        "philosophy": 0.6655948553054662,
        "prehistory": 0.6604938271604939,
        "professional_accounting": 0.425531914893617,
        "professional_law": 0.44589308996088656,
        "professional_medicine": 0.5845588235294118,
        "professional_psychology": 0.6111111111111112,
        "public_relations": 0.6454545454545455,
        "security_studies": 0.7224489795918367,
        "sociology": 0.835820895522388,
        "us_foreign_policy": 0.8,
        "virology": 0.5060240963855421,
        "world_religions": 0.7368421052631579,
        "overall": 0.6061814556331007
    }
}