{
    "math": {
        "num_samples": 5000,
        "num_scores": 5000,
        "timeout_samples": 41,
        "empty_samples": 16,
        "acc": 10.3,
        "type_acc": {
            "Algebra": 15.2,
            "Counting & Probability": 6.3,
            "Geometry": 11.1,
            "Intermediate Algebra": 6.1,
            "Number Theory": 7.2,
            "Prealgebra": 13.5,
            "Precalculus": 7.3
        }
    },
    "gsm8k": {
        "num_samples": 1319,
        "num_scores": 1319,
        "timeout_samples": 33,
        "empty_samples": 3,
        "acc": 17.0
    },
    "math_oai": {
        "num_samples": 500,
        "num_scores": 500,
        "timeout_samples": 10,
        "empty_samples": 2,
        "acc": 8.4
    },
    "gsm_hard": {
        "num_samples": 1319,
        "num_scores": 1319,
        "timeout_samples": 28,
        "empty_samples": 3,
        "acc": 10.0
    },
    "mbpp": {
        "base": {
            "pass@1": 0.7063492063492064
        },
        "+": {
            "pass@1": 0.582010582010582
        }
    },
    "mmlu": {
        "abstract_algebra": 0.36,
        "anatomy": 0.6296296296296297,
        "astronomy": 0.6842105263157895,
        "business_ethics": 0.69,
        "clinical_knowledge": 0.7584905660377359,
        "college_biology": 0.7638888888888888,
        "college_chemistry": 0.54,
        "college_computer_science": 0.58,
        "college_mathematics": 0.38,
        "college_medicine": 0.7109826589595376,
        "college_physics": 0.4215686274509804,
        "computer_security": 0.81,
        "conceptual_physics": 0.574468085106383,
        "econometrics": 0.45614035087719296,
        "electrical_engineering": 0.6206896551724138,
        "elementary_mathematics": 0.455026455026455,
        "formal_logic": 0.5714285714285714,
        "global_facts": 0.38,
        "high_school_biology": 0.8032258064516129,
        "high_school_chemistry": 0.5467980295566502,
        "high_school_computer_science": 0.69,
        "high_school_european_history": 0.7454545454545455,
        "high_school_geography": 0.8383838383838383,
        "high_school_government_and_politics": 0.9067357512953368,
        "high_school_macroeconomics": 0.676923076923077,
        "high_school_mathematics": 0.3925925925925926,
        "high_school_microeconomics": 0.773109243697479,
        "high_school_physics": 0.3841059602649007,
        "high_school_psychology": 0.8623853211009175,
        "high_school_statistics": 0.5694444444444444,
        "high_school_us_history": 0.8382352941176471,
        "high_school_world_history": 0.8396624472573839,
        "human_aging": 0.6905829596412556,
        "human_sexuality": 0.7938931297709924,
        "international_law": 0.8181818181818182,
        "jurisprudence": 0.7870370370370371,
        "logical_fallacies": 0.7791411042944786,
        "machine_learning": 0.5267857142857143,
        "management": 0.8155339805825242,
        "marketing": 0.905982905982906,
        "medical_genetics": 0.83,
        "miscellaneous": 0.822477650063857,
        "moral_disputes": 0.7283236994219653,
        "moral_scenarios": 0.4402234636871508,
        "nutrition": 0.7679738562091504,
        "philosophy": 0.7331189710610932,
        "prehistory": 0.7191358024691358,
        "professional_accounting": 0.45390070921985815,
        "professional_law": 0.49022164276401564,
        "professional_medicine": 0.7022058823529411,
        "professional_psychology": 0.6993464052287581,
        "public_relations": 0.7181818181818181,
        "security_studies": 0.726530612244898,
        "sociology": 0.8855721393034826,
        "us_foreign_policy": 0.88,
        "virology": 0.5602409638554217,
        "world_religions": 0.8070175438596491,
        "overall": 0.660518444666002
    }
}