{
    "math": {
        "num_samples": 5000,
        "num_scores": 5000,
        "timeout_samples": 0,
        "empty_samples": 4476,
        "acc": 0.2,
        "type_acc": {
            "Algebra": 0.1,
            "Counting & Probability": 0.2,
            "Geometry": 0.4,
            "Intermediate Algebra": 0.1,
            "Number Theory": 0.2,
            "Prealgebra": 0.5,
            "Precalculus": 0.2
        }
    },
    "gsm8k": {
        "num_samples": 1319,
        "num_scores": 1319,
        "timeout_samples": 0,
        "empty_samples": 930,
        "acc": 0.7
    },
    "math_oai": {
        "num_samples": 500,
        "num_scores": 500,
        "timeout_samples": 0,
        "empty_samples": 440,
        "acc": 0.2
    },
    "gsm_hard": {
        "num_samples": 1319,
        "num_scores": 1319,
        "timeout_samples": 0,
        "empty_samples": 910,
        "acc": 0.1
    },
    "mbpp": {
        "base": {
            "pass@1": 0.0
        },
        "+": {
            "pass@1": 0.0
        }
    },
    "mmlu": {
        "abstract_algebra": 0.18,
        "anatomy": 0.18518518518518517,
        "astronomy": 0.17763157894736842,
        "business_ethics": 0.3,
        "clinical_knowledge": 0.21509433962264152,
        "college_biology": 0.2569444444444444,
        "college_chemistry": 0.2,
        "college_computer_science": 0.26,
        "college_mathematics": 0.21,
        "college_medicine": 0.20809248554913296,
        "college_physics": 0.21568627450980393,
        "computer_security": 0.3,
        "conceptual_physics": 0.26382978723404255,
        "econometrics": 0.23684210526315788,
        "electrical_engineering": 0.22758620689655173,
        "elementary_mathematics": 0.20899470899470898,
        "formal_logic": 0.2857142857142857,
        "global_facts": 0.18,
        "high_school_biology": 0.1774193548387097,
        "high_school_chemistry": 0.15270935960591134,
        "high_school_computer_science": 0.25,
        "high_school_european_history": 0.21818181818181817,
        "high_school_geography": 0.17676767676767677,
        "high_school_government_and_politics": 0.19689119170984457,
        "high_school_macroeconomics": 0.20256410256410257,
        "high_school_mathematics": 0.2111111111111111,
        "high_school_microeconomics": 0.21008403361344538,
        "high_school_physics": 0.1986754966887417,
        "high_school_psychology": 0.1926605504587156,
        "high_school_statistics": 0.1527777777777778,
        "high_school_us_history": 0.25,
        "high_school_world_history": 0.270042194092827,
        "human_aging": 0.31390134529147984,
        "human_sexuality": 0.2595419847328244,
        "international_law": 0.2396694214876033,
        "jurisprudence": 0.25925925925925924,
        "logical_fallacies": 0.22085889570552147,
        "machine_learning": 0.3125,
        "management": 0.17475728155339806,
        "marketing": 0.2905982905982906,
        "medical_genetics": 0.3,
        "miscellaneous": 0.23499361430395913,
        "moral_disputes": 0.24855491329479767,
        "moral_scenarios": 0.23798882681564246,
        "nutrition": 0.22549019607843138,
        "philosophy": 0.2090032154340836,
        "prehistory": 0.21604938271604937,
        "professional_accounting": 0.23404255319148937,
        "professional_law": 0.2457627118644068,
        "professional_medicine": 0.18382352941176472,
        "professional_psychology": 0.25,
        "public_relations": 0.21818181818181817,
        "security_studies": 0.18775510204081633,
        "sociology": 0.24378109452736318,
        "us_foreign_policy": 0.28,
        "virology": 0.28313253012048195,
        "world_religions": 0.3333333333333333,
        "overall": 0.2296681384418174
    }
}