{
    "math": {
        "num_samples": 5000,
        "num_scores": 5000,
        "timeout_samples": 63,
        "empty_samples": 54,
        "acc": 24.0,
        "type_acc": {
            "Algebra": 37.2,
            "Counting & Probability": 17.1,
            "Geometry": 18.0,
            "Intermediate Algebra": 9.6,
            "Number Theory": 16.5,
            "Prealgebra": 41.0,
            "Precalculus": 11.2
        }
    },
    "gsm8k": {
        "num_samples": 1319,
        "num_scores": 1319,
        "timeout_samples": 29,
        "empty_samples": 11,
        "acc": 62.2
    },
    "math_oai": {
        "num_samples": 500,
        "num_scores": 500,
        "timeout_samples": 4,
        "empty_samples": 5,
        "acc": 23.4
    },
    "gsm_hard": {
        "num_samples": 1319,
        "num_scores": 1319,
        "timeout_samples": 17,
        "empty_samples": 11,
        "acc": 25.5
    },
    "mbpp": {
        "base": {
            "pass@1": 0.25132275132275134
        },
        "+": {
            "pass@1": 0.20105820105820105
        }
    },
    "mmlu": {
        "abstract_algebra": 0.39,
        "anatomy": 0.45185185185185184,
        "astronomy": 0.3815789473684211,
        "business_ethics": 0.44,
        "clinical_knowledge": 0.5283018867924528,
        "college_biology": 0.4444444444444444,
        "college_chemistry": 0.36,
        "college_computer_science": 0.39,
        "college_mathematics": 0.37,
        "college_medicine": 0.4393063583815029,
        "college_physics": 0.28431372549019607,
        "computer_security": 0.53,
        "conceptual_physics": 0.3617021276595745,
        "econometrics": 0.30701754385964913,
        "electrical_engineering": 0.4827586206896552,
        "elementary_mathematics": 0.3915343915343915,
        "formal_logic": 0.2857142857142857,
        "global_facts": 0.37,
        "high_school_biology": 0.5645161290322581,
        "high_school_chemistry": 0.3645320197044335,
        "high_school_computer_science": 0.51,
        "high_school_european_history": 0.46060606060606063,
        "high_school_geography": 0.6313131313131313,
        "high_school_government_and_politics": 0.6217616580310881,
        "high_school_macroeconomics": 0.4282051282051282,
        "high_school_mathematics": 0.37407407407407406,
        "high_school_microeconomics": 0.4789915966386555,
        "high_school_physics": 0.2980132450331126,
        "high_school_psychology": 0.6440366972477064,
        "high_school_statistics": 0.4675925925925926,
        "high_school_us_history": 0.4950980392156863,
        "high_school_world_history": 0.6033755274261603,
        "human_aging": 0.4618834080717489,
        "human_sexuality": 0.5419847328244275,
        "international_law": 0.5867768595041323,
        "jurisprudence": 0.49074074074074076,
        "logical_fallacies": 0.44785276073619634,
        "machine_learning": 0.36607142857142855,
        "management": 0.6310679611650486,
        "marketing": 0.6965811965811965,
        "medical_genetics": 0.5,
        "miscellaneous": 0.6104725415070242,
        "moral_disputes": 0.5028901734104047,
        "moral_scenarios": 0.32513966480446926,
        "nutrition": 0.4738562091503268,
        "philosophy": 0.4983922829581994,
        "prehistory": 0.4845679012345679,
        "professional_accounting": 0.33687943262411346,
        "professional_law": 0.32985658409387225,
        "professional_medicine": 0.4889705882352941,
        "professional_psychology": 0.4199346405228758,
        "public_relations": 0.5636363636363636,
        "security_studies": 0.5346938775510204,
        "sociology": 0.681592039800995,
        "us_foreign_policy": 0.69,
        "virology": 0.3795180722891566,
        "world_religions": 0.5730994152046783,
        "overall": 0.4609030052699046
    }

}