{
    "math": {
        "num_samples": 5000,
        "num_scores": 5000,
        "timeout_samples": 0,
        "empty_samples": 82,
        "acc": 40.2,
        "type_acc": {
            "Algebra": 60.0,
            "Counting & Probability": 34.0,
            "Geometry": 30.1,
            "Intermediate Algebra": 21.2,
            "Number Theory": 35.4,
            "Prealgebra": 55.9,
            "Precalculus": 22.9
        }
    },
    "gsm8k": {
        "num_samples": 1319,
        "num_scores": 1319,
        "timeout_samples": 0,
        "empty_samples": 19,
        "acc": 63.0
    },
    "math_oai": {
        "num_samples": 500,
        "num_scores": 500,
        "timeout_samples": 1,
        "empty_samples": 7,
        "acc": 37.8
    },
    "gsm_hard": {
        "num_samples": 1319,
        "num_scores": 1319,
        "timeout_samples": 0,
        "empty_samples": 16,
        "acc": 19.9
    },
    "mbpp": {
        "base": {
            "pass@1": 0.018518518518518517
        },
        "+": {
            "pass@1": 0.013227513227513227
        }
    },
    "mmlu": {
        "abstract_algebra": 0.31,
        "anatomy": 0.25925925925925924,
        "astronomy": 0.2236842105263158,
        "business_ethics": 0.29,
        "clinical_knowledge": 0.27169811320754716,
        "college_biology": 0.2152777777777778,
        "college_chemistry": 0.22,
        "college_computer_science": 0.13,
        "college_mathematics": 0.24,
        "college_medicine": 0.23121387283236994,
        "college_physics": 0.22549019607843138,
        "computer_security": 0.26,
        "conceptual_physics": 0.2297872340425532,
        "econometrics": 0.20175438596491227,
        "electrical_engineering": 0.2482758620689655,
        "elementary_mathematics": 0.2724867724867725,
        "formal_logic": 0.30158730158730157,
        "global_facts": 0.29,
        "high_school_biology": 0.24193548387096775,
        "high_school_chemistry": 0.2955665024630542,
        "high_school_computer_science": 0.2,
        "high_school_european_history": 0.2545454545454545,
        "high_school_geography": 0.20707070707070707,
        "high_school_government_and_politics": 0.2538860103626943,
        "high_school_macroeconomics": 0.26153846153846155,
        "high_school_mathematics": 0.1962962962962963,
        "high_school_microeconomics": 0.22268907563025211,
        "high_school_physics": 0.2251655629139073,
        "high_school_psychology": 0.25137614678899084,
        "high_school_statistics": 0.2638888888888889,
        "high_school_us_history": 0.24019607843137256,
        "high_school_world_history": 0.270042194092827,
        "human_aging": 0.3183856502242152,
        "human_sexuality": 0.19083969465648856,
        "international_law": 0.15702479338842976,
        "jurisprudence": 0.23148148148148148,
        "logical_fallacies": 0.2147239263803681,
        "machine_learning": 0.22321428571428573,
        "management": 0.1941747572815534,
        "marketing": 0.23076923076923078,
        "medical_genetics": 0.26,
        "miscellaneous": 0.2720306513409962,
        "moral_disputes": 0.2514450867052023,
        "moral_scenarios": 0.22793296089385476,
        "nutrition": 0.23202614379084968,
        "philosophy": 0.27009646302250806,
        "prehistory": 0.25308641975308643,
        "professional_accounting": 0.2624113475177305,
        "professional_law": 0.2522816166883963,
        "professional_medicine": 0.40441176470588236,
        "professional_psychology": 0.25326797385620914,
        "public_relations": 0.2909090909090909,
        "security_studies": 0.30612244897959184,
        "sociology": 0.2835820895522388,
        "us_foreign_policy": 0.32,
        "virology": 0.3373493975903614,
        "world_religions": 0.2222222222222222,
        "overall": 0.25324027916251246
    }
}