{
    "math": {
        "num_samples": 5000,
        "num_scores": 5000,
        "timeout_samples": 6,
        "empty_samples": 11,
        "acc": 13.2,
        "type_acc": {
            "Algebra": 20.3,
            "Counting & Probability": 7.8,
            "Geometry": 9.4,
            "Intermediate Algebra": 5.2,
            "Number Theory": 12.2,
            "Prealgebra": 22.5,
            "Precalculus": 5.5
        }
    },
    "gsm8k": {
        "num_samples": 1319,
        "num_scores": 1319,
        "timeout_samples": 2,
        "empty_samples": 8,
        "acc": 45.7
    },
    "math_oai": {
        "num_samples": 500,
        "num_scores": 500,
        "timeout_samples": 0,
        "empty_samples": 0,
        "acc": 12.8
    },
    "gsm_hard": {
        "num_samples": 1319,
        "num_scores": 1319,
        "timeout_samples": 1,
        "empty_samples": 2,
        "acc": 21.2
    },
    "mbpp": {
        "base": {
            "pass@1": 0.4708994708994709
        },
        "+": {
            "pass@1": 0.3862433862433862
        }
    },
    "mmlu": {
        "abstract_algebra": 0.3,
        "anatomy": 0.6222222222222222,
        "astronomy": 0.6842105263157895,
        "business_ethics": 0.65,
        "clinical_knowledge": 0.7396226415094339,
        "college_biology": 0.7291666666666666,
        "college_chemistry": 0.45,
        "college_computer_science": 0.49,
        "college_mathematics": 0.31,
        "college_medicine": 0.6589595375722543,
        "college_physics": 0.4117647058823529,
        "computer_security": 0.8,
        "conceptual_physics": 0.5404255319148936,
        "econometrics": 0.49122807017543857,
        "electrical_engineering": 0.5862068965517241,
        "elementary_mathematics": 0.42857142857142855,
        "formal_logic": 0.5476190476190477,
        "global_facts": 0.37,
        "high_school_biology": 0.7548387096774194,
        "high_school_chemistry": 0.5221674876847291,
        "high_school_computer_science": 0.68,
        "high_school_european_history": 0.793939393939394,
        "high_school_geography": 0.7929292929292929,
        "high_school_government_and_politics": 0.8911917098445595,
        "high_school_macroeconomics": 0.6076923076923076,
        "high_school_mathematics": 0.3333333333333333,
        "high_school_microeconomics": 0.7058823529411765,
        "high_school_physics": 0.3576158940397351,
        "high_school_psychology": 0.8275229357798165,
        "high_school_statistics": 0.49074074074074076,
        "high_school_us_history": 0.8235294117647058,
        "high_school_world_history": 0.8354430379746836,
        "human_aging": 0.6816143497757847,
        "human_sexuality": 0.7709923664122137,
        "international_law": 0.8181818181818182,
        "jurisprudence": 0.7314814814814815,
        "logical_fallacies": 0.7607361963190185,
        "machine_learning": 0.5446428571428571,
        "management": 0.8155339805825242,
        "marketing": 0.8717948717948718,
        "medical_genetics": 0.79,
        "miscellaneous": 0.8045977011494253,
        "moral_disputes": 0.7341040462427746,
        "moral_scenarios": 0.46033519553072627,
        "nutrition": 0.7352941176470589,
        "philosophy": 0.7041800643086816,
        "prehistory": 0.7376543209876543,
        "professional_accounting": 0.4574468085106383,
        "professional_law": 0.4661016949152542,
        "professional_medicine": 0.6617647058823529,
        "professional_psychology": 0.7058823529411765,
        "public_relations": 0.6272727272727273,
        "security_studies": 0.7306122448979592,
        "sociology": 0.8308457711442786,
        "us_foreign_policy": 0.82,
        "virology": 0.5060240963855421,
        "world_religions": 0.8011695906432749,
        "overall": 0.637872097991739
    }
}