{
    "math": {
        "num_samples": 5000,
        "num_scores": 5000,
        "timeout_samples": 1,
        "empty_samples": 3342,
        "acc": 2.5,
        "type_acc": {
            "Algebra": 2.9,
            "Counting & Probability": 3.2,
            "Geometry": 0.6,
            "Intermediate Algebra": 0.6,
            "Number Theory": 1.9,
            "Prealgebra": 6.1,
            "Precalculus": 1.1
        }
    },
    "gsm8k": {
        "num_samples": 1319,
        "num_scores": 1319,
        "timeout_samples": 0,
        "empty_samples": 712,
        "acc": 4.0
    },
    "math_oai": {
        "num_samples": 500,
        "num_scores": 500,
        "timeout_samples": 0,
        "empty_samples": 347,
        "acc": 2.6
    },
    "gsm_hard": {
        "num_samples": 1319,
        "num_scores": 1319,
        "timeout_samples": 0,
        "empty_samples": 685,
        "acc": 1.8
    },
    "mbpp": {
        "base": {
            "pass@1": 0.6216931216931217
        },
        "+": {
            "pass@1": 0.5211640211640212
        }
    },
    "mmlu": {
        "abstract_algebra": 0.31,
        "anatomy": 0.6222222222222222,
        "astronomy": 0.6842105263157895,
        "business_ethics": 0.62,
        "clinical_knowledge": 0.6943396226415094,
        "college_biology": 0.75,
        "college_chemistry": 0.43,
        "college_computer_science": 0.54,
        "college_mathematics": 0.37,
        "college_medicine": 0.6705202312138728,
        "college_physics": 0.47058823529411764,
        "computer_security": 0.8,
        "conceptual_physics": 0.5276595744680851,
        "econometrics": 0.43859649122807015,
        "electrical_engineering": 0.6275862068965518,
        "elementary_mathematics": 0.3544973544973545,
        "formal_logic": 0.5317460317460317,
        "global_facts": 0.29,
        "high_school_biology": 0.7838709677419354,
        "high_school_chemistry": 0.49261083743842365,
        "high_school_computer_science": 0.65,
        "high_school_european_history": 0.7818181818181819,
        "high_school_geography": 0.7828282828282829,
        "high_school_government_and_politics": 0.8704663212435233,
        "high_school_macroeconomics": 0.6102564102564103,
        "high_school_mathematics": 0.35185185185185186,
        "high_school_microeconomics": 0.7058823529411765,
        "high_school_physics": 0.2847682119205298,
        "high_school_psychology": 0.8458715596330275,
        "high_school_statistics": 0.5416666666666666,
        "high_school_us_history": 0.7892156862745098,
        "high_school_world_history": 0.8059071729957806,
        "human_aging": 0.6905829596412556,
        "human_sexuality": 0.7480916030534351,
        "international_law": 0.8181818181818182,
        "jurisprudence": 0.7222222222222222,
        "logical_fallacies": 0.7607361963190185,
        "machine_learning": 0.4732142857142857,
        "management": 0.8349514563106796,
        "marketing": 0.8717948717948718,
        "medical_genetics": 0.81,
        "miscellaneous": 0.7956577266922095,
        "moral_disputes": 0.708092485549133,
        "moral_scenarios": 0.4201117318435754,
        "nutrition": 0.7647058823529411,
        "philosophy": 0.7395498392282959,
        "prehistory": 0.7407407407407407,
        "professional_accounting": 0.4716312056737589,
        "professional_law": 0.46153846153846156,
        "professional_medicine": 0.7316176470588235,
        "professional_psychology": 0.7091503267973857,
        "public_relations": 0.7,
        "security_studies": 0.7306122448979592,
        "sociology": 0.8606965174129353,
        "us_foreign_policy": 0.87,
        "virology": 0.5662650602409639,
        "world_religions": 0.8011695906432749,
        "overall": 0.6356644352656317
    }
}