{
    "math": {
        "num_samples": 5000,
        "num_scores": 5000,
        "timeout_samples": 1,
        "empty_samples": 423,
        "acc": 11.1,
        "type_acc": {
            "Algebra": 17.5,
            "Counting & Probability": 7.4,
            "Geometry": 7.5,
            "Intermediate Algebra": 5.5,
            "Number Theory": 9.1,
            "Prealgebra": 18.7,
            "Precalculus": 2.7
        }
    },
    "gsm8k": {
        "num_samples": 1319,
        "num_scores": 1319,
        "timeout_samples": 0,
        "empty_samples": 17,
        "acc": 28.2
    },
    "math_oai": {
        "num_samples": 500,
        "num_scores": 500,
        "timeout_samples": 1,
        "empty_samples": 37,
        "acc": 12.2
    },
    "gsm_hard": {
        "num_samples": 1319,
        "num_scores": 1319,
        "timeout_samples": 0,
        "empty_samples": 19,
        "acc": 14.5
    },
    "mbpp": {
        "base": {
            "pass@1": 0.6481481481481481
        },
        "+": {
            "pass@1": 0.5264550264550265
        }
    },
    "mmlu": {
        "abstract_algebra": 0.29,
        "anatomy": 0.6370370370370371,
        "astronomy": 0.7105263157894737,
        "business_ethics": 0.65,
        "clinical_knowledge": 0.7056603773584905,
        "college_biology": 0.7291666666666666,
        "college_chemistry": 0.49,
        "college_computer_science": 0.58,
        "college_mathematics": 0.37,
        "college_medicine": 0.6647398843930635,
        "college_physics": 0.46078431372549017,
        "computer_security": 0.81,
        "conceptual_physics": 0.5276595744680851,
        "econometrics": 0.45614035087719296,
        "electrical_engineering": 0.6413793103448275,
        "elementary_mathematics": 0.3915343915343915,
        "formal_logic": 0.5317460317460317,
        "global_facts": 0.28,
        "high_school_biology": 0.7741935483870968,
        "high_school_chemistry": 0.4876847290640394,
        "high_school_computer_science": 0.65,
        "high_school_european_history": 0.7757575757575758,
        "high_school_geography": 0.803030303030303,
        "high_school_government_and_politics": 0.8756476683937824,
        "high_school_macroeconomics": 0.617948717948718,
        "high_school_mathematics": 0.36666666666666664,
        "high_school_microeconomics": 0.7352941176470589,
        "high_school_physics": 0.31125827814569534,
        "high_school_psychology": 0.8458715596330275,
        "high_school_statistics": 0.5277777777777778,
        "high_school_us_history": 0.7990196078431373,
        "high_school_world_history": 0.7974683544303798,
        "human_aging": 0.6905829596412556,
        "human_sexuality": 0.7480916030534351,
        "international_law": 0.8264462809917356,
        "jurisprudence": 0.7037037037037037,
        "logical_fallacies": 0.7668711656441718,
        "machine_learning": 0.49107142857142855,
        "management": 0.7961165048543689,
        "marketing": 0.8760683760683761,
        "medical_genetics": 0.81,
        "miscellaneous": 0.8007662835249042,
        "moral_disputes": 0.6965317919075145,
        "moral_scenarios": 0.41675977653631285,
        "nutrition": 0.7679738562091504,
        "philosophy": 0.7234726688102894,
        "prehistory": 0.7314814814814815,
        "professional_accounting": 0.4787234042553192,
        "professional_law": 0.4745762711864407,
        "professional_medicine": 0.7022058823529411,
        "professional_psychology": 0.7173202614379085,
        "public_relations": 0.7090909090909091,
        "security_studies": 0.7346938775510204,
        "sociology": 0.845771144278607,
        "us_foreign_policy": 0.85,
        "virology": 0.5662650602409639,
        "world_religions": 0.8011695906432749,
        "overall": 0.6394388263780089
    }
}